{
    "RR": {
        "alpha": 100.0
    },
    "EN": {
        "alpha": 0.00991173496475716,
        "l1_ratio": 0.04604514455032034
    },
    "RF": {
        "max_depth": 31,
        "max_features": 0.5,
        "min_samples_leaf": 1,
        "min_samples_split": 20,
        "n_estimators": 1212
    },
    "GB": {
        "colsample_bytree": 0.9648062141940474,
        "gamma": 3.51286032954115,
        "learning_rate": 0.11877468313812864,
        "max_depth": 12,
        "min_child_weight": 6,
        "n_estimators": 100,
        "subsample": 0.8814577747914017
    }
}