{
    "RR": {
        "alpha": 100.0
    },
    "EN": {
        "alpha": 0.5504106946486427,
        "l1_ratio": 0.24264003271807358
    },
    "RF": {
        "max_depth": 22,
        "max_features": "sqrt",
        "min_samples_leaf": 7,
        "min_samples_split": 7,
        "n_estimators": 111
    },
    "GB": {
        "colsample_bytree": 0.6495490139572254,
        "gamma": 2.0998903039121153,
        "learning_rate": 0.006282243049835544,
        "max_depth": 7,
        "min_child_weight": 10,
        "n_estimators": 100,
        "subsample": 0.5
    }
}