{
    "RR": {
        "alpha": 100.0
    },
    "EN": {
        "alpha": 0.042150890227799075,
        "l1_ratio": 1.0
    },
    "RF": {
        "max_depth": 13,
        "max_features": 0.5,
        "min_samples_leaf": 10,
        "min_samples_split": 9,
        "n_estimators": 1992
    },
    "GB": {
        "colsample_bytree": 0.502298548707284,
        "gamma": 2.0879680840744284,
        "learning_rate": 0.006906769579288951,
        "max_depth": 5,
        "min_child_weight": 7,
        "n_estimators": 100,
        "subsample": 0.61317035599618
    }
}