{
    "RR": {
        "alpha": 100.0
    },
    "EN": {
        "alpha": 0.26192258434037113,
        "l1_ratio": 0.23285960979530324
    },
    "RF": {
        "max_depth": 38,
        "max_features": "sqrt",
        "min_samples_leaf": 2,
        "min_samples_split": 15,
        "n_estimators": 1790
    },
    "GB": {
        "colsample_bytree": 1.0,
        "gamma": 3.4444421628086817,
        "learning_rate": 0.001320910516874637,
        "max_depth": 15,
        "min_child_weight": 1,
        "n_estimators": 689,
        "subsample": 0.5
    }
}