{
    "LR": {
        "C": 0.04462811866331666,
        "penalty": "l1"
    },
    "RF": {
        "max_depth": 35,
        "max_features": "sqrt",
        "min_samples_split": 2,
        "n_estimators": 113
    },
    "GB": {
        "colsample_bytree": 0.6654338738457878,
        "gamma": 2.266504481341318,
        "learning_rate": 0.0015468584771444222,
        "max_depth": 11,
        "min_child_weight": 5,
        "n_estimators": 970,
        "subsample": 0.6246623099667724
    }
}